id,task,file
A,1,1705507804417
A,2,1705507932247
B,1,1705507795962
B,2,1705507958248
C,1,1705507731267
C,2,1705507827787
D,1,1705508118016
D,2,1705508620859
E,1,1705507709561
E,2,1705507970001
F,1,1705507687387
F,2,1705507802311
G,1,1705507952146
G,2,1705507719693
H,1,1705507800370
H,2,1705508043586
I,1,1705507641668
I,2,1705507793635
J,1,1705507694139
J,2,1705507781047
K,1,1705507767121
K,2,1705508072396
L,1,1705507700619
L,2,1705507863816
M,1,1705507792450
M,2,1705507980662
N,1,1705507745489
N,2,1705507866207
O,1,1705507726990
O,2,1705507883137
P,1,1705507773279
P,2,1705507985183
Q,1,1705507669980
Q,2,1705507805795
